{
  "groups": [
    {
      "name": "braintree",
      "type": "vb.car.payment.braintree.BraintreeConfig",
      "sourceType": "vb.car.payment.braintree.BraintreeConfig"
    }
  ],
  "properties": [
    {
      "name": "braintree.merchant-id",
      "type": "java.lang.String",
      "description": "Braintree Merchant ID"
    },
    {
      "name": "braintree.public-key",
      "type": "java.lang.String",
      "description": "Braintree Public Key"
    },
    {
      "name": "braintree.private-key",
      "type": "java.lang.String",
      "description": "Braintree Private Key"
    },
    {
      "name": "braintree.environment",
      "type": "java.lang.String",
      "description": "Braintree Environment (SANDBOX or PRODUCTION)"
    }
  ]
}
